n;titulo;autor; Holaria
1;x;x;x
2;a;a;a
3;s;s;s
4;d;d;d
5;t;t;t
11;El suelo;;o
12;el suelo;y Hola8;Jorge el curioso;Yo;mero
15;La venganza de ted;RRH Solo;Azteca y maya
88;1;1;1
99;Los heroes de la patria;Quiroga;mexicana
100;Jason y los argonautas;pericles;roma
150;Yo yo y yo;yo;yo
 Hola Hola Hola Hola999;Prueba para el reporte;Jorge Ramos;DELL
888;Pruenba para el reporte v2;Jorge Ramos;DELL
777;Prueba para el reporte v3;Jorge Ramos;DELL
666;Prueba V4;Deja de cerrar la pesta¤a;DELL
